id;username;password;forgot_password_token;email;failed_counter;status;updated_by;created_date;updated_date
1;secondary Soft RSS;Shoes;√ù Representative;TuytXun_o93@yahoo.com;14894;CURRENT;6441;2022-03-26T13:01:30;2022-03-27T03:50:24
2;circuit deposit;Reverse-engineered Borders Account;Peso Ball Expanded;PhngNghi48@hotmail.com;74227;LOCKED;96214;2022-03-27T08:25:14;2022-03-27T05:36:10
3;blockchains;program Dynamic;cross-platform;KhnhThy53@gmail.com;24695;CURRENT;9312;2022-03-26T17:44:59;2022-03-26T19:57:11
4;iterate PCI;strategize Outdoors;installation Music Corporate;nhThng_Phm@hotmail.com;7803;CURRENT;20559;2022-03-26T22:47:33;2022-03-26T20:31:42
5;Toys Senior Granite;Account index;Cambridgeshire JSON communities;Tn_Phan56@hotmail.com;52166;CURRENT;54649;2022-03-26T20:47:35;2022-03-27T06:56:12
6;copy;compressing systems;Director;KiuDung.Phm2@gmail.com;76057;LOCKED;32888;2022-03-26T19:34:31;2022-03-27T07:45:57
7;Colorado quantifying;SMTP;parsing magenta front-end;HPhng.on@yahoo.com;76831;LOCKED;97724;2022-03-27T06:47:40;2022-03-26T19:39:45
8;Borders;Rhode generating;Borders Infrastructure Nebraska;HngLy.50@yahoo.com;84218;LOCKED;47184;2022-03-26T21:08:03;2022-03-26T16:52:29
9;Producer;Marino;Chicken;ChThanh76@hotmail.com;4401;CURRENT;60705;2022-03-26T14:41:22;2022-03-27T03:57:19
10;Account;invoice override Home;hard;ThnhSang49@yahoo.com;74428;LOCKED;7318;2022-03-26T13:23:20;2022-03-26T20:17:40
